"NorthStar receipt: include EUR 180,000 revenue; customer receipt matched to NorthStar/N STAR."
"Freedom receipt 1: include EUR 142,000 collected against EUR 200,000 contract; EUR 58,000 remains receivable."
"Phoenix receipt: include EUR 70,000 collected against EUR 100,000 completed event; EUR 30,000 remains receivable."
"Liberty receipt: include EUR 95,000 collected against EUR 120,000 delivered order; EUR 25,000 remains receivable."
"Opening receivable receipt: include EUR 35,000 old-customer receipt as settlement of opening receivable."
"Finally Single web receipts: include EUR 250,000 matched receipts; revenue line is EUR 270,000."
"WEB-NCB: recognise €90,000 delivered revenue, €37,000 matched cash and €53,000 gross receivable. CRM points to R-17; verify the €18,000 subledger component before treating the impairment as included."
"New Beginnings deposit: exclude EUR 60,000 from revenue and record contract liability."
"Fresh Freedom deposit: exclude EUR 30,000 from revenue and record contract liability."
"Box: €130,000 goods received, €105,000 bank payment and €25,000 closing payable. Implied opening payable €0 if the movement set is complete; verify opening ledger."
"Glass: €120,000 goods received, €92,000 bank payment and €28,000 closing payable. Implied opening payable €0 if the movement set is complete; verify opening ledger."
"Print: €95,000 goods received, €81,000 bank payment and €14,000 closing payable. Implied opening payable €0 if the movement set is complete; verify opening ledger."
"Event: €114,000 goods received, €100,000 bank payment and €59,000 closing payable. Implied opening payable €45,000 if the movement set is complete; verify opening ledger."
"January payroll: the project JSON supports €248,000 normal payroll for the period, but no January amount. Retain the aggregate and leave the monthly allocation unverified."
"February payroll: monthly split is not stated; use aggregate normal payroll EUR 248,000 only."
"March payroll: monthly split is not stated; use aggregate normal payroll EUR 248,000 only."
"April payroll: monthly split is not stated; use aggregate normal payroll EUR 248,000 only."
"May payroll: monthly split is not stated; use aggregate normal payroll EUR 248,000 only."
"June payroll: monthly split is not stated; use aggregate normal payroll EUR 248,000 only."
"July payroll: monthly split is not stated; use aggregate normal payroll EUR 248,000 only."
"August payroll: monthly split is not stated; use aggregate normal payroll EUR 248,000 only."
"Rent payments: operating expense EUR 48,000."
"Meta/influencer payments: operating expense EUR 55,000 marketing."
"Software payments: operating expense EUR 16,000."
"Utilities payments: operating expense EUR 12,000."
"Repair transfer: expense EUR 10,000; do not capitalize."
"Packaging machine payment: capitalize EUR 60,000 PPE."
"Photo booth payment: capitalize EUR 20,000 PPE."
"Loan receipt: EUR 50,000 borrowing, not income."
"Loan repayments: reduce principal by EUR 19,000."
"Interest payments: EUR 10,000 paid; EUR 12,000 expense and EUR 2,000 accrued."
"Villa deposit: EUR 70,000 owner-related payment, not operating expense."
"Owner card spending: EUR 40,000 owner-related payment, not operating expense."
Insurance movement: no separate supported insurance amount is identified; do not invent or add one to the P&L.
"Water-damaged stock: EUR 22,000 write-down; physically present but unsaleable."
"Recognise €18,000 R-17 impairment. CRM links R-17 to WEB-NCB’s €53,000 gross open balance; confirm the exact €18,000 subledger component."
"Former employee claim: recognize EUR 25,000 provision."
"Recognise €459,000 goods received, €378,000 bank-confirmed supplier payments and €126,000 closing supplier payables; the movement implies €45,000 opening payables if complete."
"Cash collections total: customer receipts EUR 899,000 excluding loan advance."
"Closing bank balance: EUR 60,000."
"Exclude EUR 90,000 September deposits from revenue; record contract liabilities."
"Treat EUR 50,000 new bank borrowing as debt, not income."
"Capitalize packaging machine EUR 60,000 as PPE."
"Capitalize photo booth EUR 20,000 as PPE."
"Expense EUR 10,000 belt/calibration repair; it restores normal output and does not improve the asset."
"Treat EUR 70,000 villa payment as provisional owner withdrawal/distribution or related-party balance, not marketing."
"Treat €110,000 total owner-related payments (€70,000 villa deposit plus €40,000 owner-card spending) as provisional withdrawals/distribution or a related-party balance, not payroll."
"Use the physical stock count as the closing measurement: EUR 143,000 gross less EUR 22,000 damaged stock = EUR 121,000 saleable inventory. This implies EUR 396,000 materials consumed. Record the EUR 9,000 favorable count-to-movement adjustment against the EUR 405,000 management consumption schedule; disclose that the source movement reconciliation is still needed. Selected PBT is EUR 74,000 before any disposal provision."
"Classify event-delivery payroll EUR 80,000 as direct cost."
"Classify sales/partnerships payroll EUR 72,000 as operating expense."
"Classify office/finance payroll EUR 96,000 as operating expense."
"Classify rent EUR 48,000 as operating expense."
"Classify marketing EUR 55,000 as operating expense."
"Classify software EUR 16,000 as operating expense."
"Classify utilities EUR 12,000 as operating expense."
"Use depreciation estimate EUR 24,000; request useful-life support."
"Recognise €18,000 R-17 impairment against the €186,000 gross receivables. WEB-NCB’s €53,000 open balance points to R-17; verify the exact €18,000 subledger match."
"Write down damaged stock EUR 22,000; present saleable inventory EUR 121,000."
"Recognize probable employee claim provision EUR 25,000; disclose EUR 20,000–30,000 range."
No separately supported insurance expense amount is available; do not invent one.
"Accrue unpaid interest EUR 2,000 from EUR 12,000 expense less EUR 10,000 paid."
"Use calculated closing payroll payable EUR 32,000 = 15,000 opening + 248,000 expense - 231,000 cash paid."
"Use supplier payables EUR 126,000."
"Recognize NorthStar delivered revenue EUR 180,000."
"Recognize Freedom delivered revenue EUR 200,000."
"Recognize Phoenix completed-event revenue EUR 100,000."
"Recognize Liberty delivered revenue EUR 120,000."
"Exclude undelivered September events EUR 90,000 from revenue and record liability."
"Classify EUR 19,000 principal payment as financing, reducing loan principal."
"Classify EUR 80,000 equipment purchase as investing cash outflow and PPE additions."
"Recognise €18,000 R-17 impairment against the €186,000 gross receivables. WEB-NCB’s €53,000 open balance points to R-17; verify the exact €18,000 subledger match."
"Use EUR 22,000 damaged-inventory write-down based on independent assessment that stock is unsaleable."
"Use EUR 25,000 legal provision based on external counsel’s probable claim assessment."
"Use EUR 24,000 period depreciation estimate; useful-life schedule remains missing."
"Present closing saleable inventory of EUR 121,000 (EUR 143,000 physical count less EUR 22,000 damaged stock). Use this count basis, with a disclosed EUR 9,000 adjustment to the movement schedule; selected PBT is EUR 74,000."
"Present €186,000 gross and €168,000 net receivables after €18,000 R-17 impairment. CRM links R-17 to WEB-NCB’s €53,000 open balance; confirm the subledger match."
"Use EUR 10,000 repair expense, not improvement/capitalization."
"No separately supported insurance estimate is supplied in the project data. Do not add an invented expense; obtain the policy, payment and period-of-cover evidence."
"Use accrued interest EUR 2,000."
"Use calculated accrued payroll EUR 32,000; closing ledger not independently stated."
"Use customer deposit liability EUR 90,000."
"Use closing PPE gross EUR 260,000 and net PPE EUR 191,000."
"Use accumulated depreciation EUR 69,000 = opening EUR 45,000 + current EUR 24,000."
"Use supplier payable EUR 126,000."
"Use closing loan principal EUR 131,000 = 100,000 + 50,000 - 19,000."
"Use the physical stock count as the closing measurement: EUR 143,000 gross less EUR 22,000 damaged stock = EUR 121,000 saleable inventory. This implies EUR 396,000 materials consumed. Record the EUR 9,000 favorable count-to-movement adjustment against the EUR 405,000 management consumption schedule; disclose that the source movement reconciliation is still needed. Selected PBT is EUR 74,000 before any disposal provision."
"Use direct event-delivery payroll EUR 80,000."
"Use owner-related payments EUR 110,000 as provisional distribution/personal withdrawal or related-party balance."
"Selected count-basis PBT €74,000 excludes the unsupported €2,000 disposal provision. If a present obligation is evidenced, PBT is €72,000. Consumption-basis PBT is €65,000 without that provision (€63,000 with it)."
"Use closing cash EUR 60,000."
"Use the count-based working accounts with EUR 121,000 net stock and EUR 74,000 PBT after a disclosed EUR 9,000 count-to-movement adjustment. Implement the five user-provided board actions. Investigate the stock variance before valuation or earn-out use; student review remains required."
Freeze owner-card access as a control recommendation; no direct workbook decision ID.
"Move EUR 90,000 September deposits to contract liabilities."
Begin weekly 13-week cash forecast as a board recommendation; no direct workbook decision ID.
Stop credit sales to insolvent/high-risk customers as a control recommendation; R-17 supports risk response.
"Arrange disposal of damaged stock. Do not recognise the quoted €2,000 cost at 31 August unless an existing legal or constructive obligation is evidenced; recognise the cost when incurred otherwise."
Investigate management override/duplicate sources; reject unsupported management profit and cash figures.
"Renegotiate supplier terms as a board recommendation in light of EUR 126,000 unpaid balances."
Continue core Finally Single and event operations based on delivered sales evidence; subject to student/board approval.
"Reject management’s unsupported EUR 312,000 profit for earn-out. Recommended count-based PBT is EUR 74,000 after a disclosed EUR 9,000 count-to-movement inventory adjustment. Do not use the figure for earn-out until the variance is investigated and the student reviews the answer set. A proven EUR 2,000 disposal obligation would reduce PBT to EUR 72,000."
