Decision ID,Column I — final answer,Mapping status,Evidence caveat
D001,"NorthStar receipt: include EUR 180,000 revenue; customer receipt matched to NorthStar/N STAR.",direct,
D002,"Freedom receipt 1: include EUR 142,000 collected against EUR 200,000 contract; EUR 58,000 remains receivable.",direct,
D003,"Phoenix receipt: include EUR 70,000 collected against EUR 100,000 completed event; EUR 30,000 remains receivable.",direct,
D004,"Liberty receipt: include EUR 95,000 collected against EUR 120,000 delivered order; EUR 25,000 remains receivable.",direct,
D005,"Opening receivable receipt: include EUR 35,000 old-customer receipt as settlement of opening receivable.",direct,
D006,"Finally Single web receipts: include EUR 250,000 matched receipts; revenue line is EUR 270,000.",partial,Workbook contains only the aggregate or adjacent decision; source evidence supplies the item detail.
D007,"WEB-NCB: recognise €90,000 delivered revenue, €37,000 matched cash and €53,000 gross receivable. CRM points to R-17; verify the €18,000 subledger component before treating the impairment as included.",partial,Workbook contains only the aggregate or adjacent decision; source evidence supplies the item detail.
D008,"New Beginnings deposit: exclude EUR 60,000 from revenue and record contract liability.",direct,
D009,"Fresh Freedom deposit: exclude EUR 30,000 from revenue and record contract liability.",direct,
D010,"Box: €130,000 goods received, €105,000 bank payment and €25,000 closing payable. Implied opening payable €0 if the movement set is complete; verify opening ledger.",partial,Workbook contains only the aggregate or adjacent decision; source evidence supplies the item detail.
D011,"Glass: €120,000 goods received, €92,000 bank payment and €28,000 closing payable. Implied opening payable €0 if the movement set is complete; verify opening ledger.",partial,Workbook contains only the aggregate or adjacent decision; source evidence supplies the item detail.
D012,"Print: €95,000 goods received, €81,000 bank payment and €14,000 closing payable. Implied opening payable €0 if the movement set is complete; verify opening ledger.",partial,Workbook contains only the aggregate or adjacent decision; source evidence supplies the item detail.
D013,"Event: €114,000 goods received, €100,000 bank payment and €59,000 closing payable. Implied opening payable €45,000 if the movement set is complete; verify opening ledger.",partial,Workbook contains only the aggregate or adjacent decision; source evidence supplies the item detail.
D014,"January payroll: the project JSON supports €248,000 normal payroll for the period, but no January amount. Retain the aggregate and leave the monthly allocation unverified.",resolved_with_evidence_gap,Decision treatment resolved; separate amount not evidenced. Do not invent or add it to period totals.
D015,"February payroll: monthly split is not stated; use aggregate normal payroll EUR 248,000 only.",resolved_with_evidence_gap,Decision treatment resolved; separate amount not evidenced. Do not invent or add it to period totals.
D016,"March payroll: monthly split is not stated; use aggregate normal payroll EUR 248,000 only.",resolved_with_evidence_gap,Decision treatment resolved; separate amount not evidenced. Do not invent or add it to period totals.
D017,"April payroll: monthly split is not stated; use aggregate normal payroll EUR 248,000 only.",resolved_with_evidence_gap,Decision treatment resolved; separate amount not evidenced. Do not invent or add it to period totals.
D018,"May payroll: monthly split is not stated; use aggregate normal payroll EUR 248,000 only.",resolved_with_evidence_gap,Decision treatment resolved; separate amount not evidenced. Do not invent or add it to period totals.
D019,"June payroll: monthly split is not stated; use aggregate normal payroll EUR 248,000 only.",resolved_with_evidence_gap,Decision treatment resolved; separate amount not evidenced. Do not invent or add it to period totals.
D020,"July payroll: monthly split is not stated; use aggregate normal payroll EUR 248,000 only.",resolved_with_evidence_gap,Decision treatment resolved; separate amount not evidenced. Do not invent or add it to period totals.
D021,"August payroll: monthly split is not stated; use aggregate normal payroll EUR 248,000 only.",resolved_with_evidence_gap,Decision treatment resolved; separate amount not evidenced. Do not invent or add it to period totals.
D022,"Rent payments: operating expense EUR 48,000.",direct,
D023,"Meta/influencer payments: operating expense EUR 55,000 marketing.",direct,
D024,"Software payments: operating expense EUR 16,000.",direct,
D025,"Utilities payments: operating expense EUR 12,000.",direct,
D026,"Repair transfer: expense EUR 10,000; do not capitalize.",direct,
D027,"Packaging machine payment: capitalize EUR 60,000 PPE.",direct,
D028,"Photo booth payment: capitalize EUR 20,000 PPE.",direct,
D029,"Loan receipt: EUR 50,000 borrowing, not income.",direct,
D030,"Loan repayments: reduce principal by EUR 19,000.",direct,
D031,"Interest payments: EUR 10,000 paid; EUR 12,000 expense and EUR 2,000 accrued.",direct,
D032,"Villa deposit: EUR 70,000 owner-related payment, not operating expense.",direct,
D033,"Owner card spending: EUR 40,000 owner-related payment, not operating expense.",direct,
D034,Insurance movement: no separate supported insurance amount is identified; do not invent or add one to the P&L.,resolved_with_evidence_gap,Decision treatment resolved; separate amount not evidenced. Do not invent or add it to period totals.
D035,"Water-damaged stock: EUR 22,000 write-down; physically present but unsaleable.",direct,
D036,"Recognise €18,000 R-17 impairment. CRM links R-17 to WEB-NCB’s €53,000 gross open balance; confirm the exact €18,000 subledger component.",direct,
D037,"Former employee claim: recognize EUR 25,000 provision.",direct,
D038,"Recognise €459,000 goods received, €378,000 bank-confirmed supplier payments and €126,000 closing supplier payables; the movement implies €45,000 opening payables if complete.",direct,
D039,"Cash collections total: customer receipts EUR 899,000 excluding loan advance.",direct,
D040,"Closing bank balance: EUR 60,000.",direct,
D041,"Exclude EUR 90,000 September deposits from revenue; record contract liabilities.",direct,
D042,"Treat EUR 50,000 new bank borrowing as debt, not income.",direct,
D043,"Capitalize packaging machine EUR 60,000 as PPE.",direct,
D044,"Capitalize photo booth EUR 20,000 as PPE.",direct,
D045,"Expense EUR 10,000 belt/calibration repair; it restores normal output and does not improve the asset.",direct,
D046,"Treat EUR 70,000 villa payment as provisional owner withdrawal/distribution or related-party balance, not marketing.",direct,
D047,"Treat €110,000 total owner-related payments (€70,000 villa deposit plus €40,000 owner-card spending) as provisional withdrawals/distribution or a related-party balance, not payroll.",direct,
D048,"Selected count basis: materials consumed €396,000 (= €80,000 + €459,000 − €143,000). Workbook €405,000 is an alternative with €9,000 lower stock and profit.",direct,
D049,"Classify event-delivery payroll EUR 80,000 as direct cost.",direct,
D050,"Classify sales/partnerships payroll EUR 72,000 as operating expense.",direct,
D051,"Classify office/finance payroll EUR 96,000 as operating expense.",direct,
D052,"Classify rent EUR 48,000 as operating expense.",direct,
D053,"Classify marketing EUR 55,000 as operating expense.",direct,
D054,"Classify software EUR 16,000 as operating expense.",direct,
D055,"Classify utilities EUR 12,000 as operating expense.",direct,
D056,"Use depreciation estimate EUR 24,000; request useful-life support.",direct,
D057,"Recognise €18,000 R-17 impairment against the €186,000 gross receivables. WEB-NCB’s €53,000 open balance points to R-17; verify the exact €18,000 subledger match.",direct,
D058,"Write down damaged stock EUR 22,000; present saleable inventory EUR 121,000.",direct,
D059,"Recognize probable employee claim provision EUR 25,000; disclose EUR 20,000–30,000 range.",direct,
D060,No separately supported insurance expense amount is available; do not invent one.,resolved_with_evidence_gap,Decision treatment resolved; separate amount not evidenced. Do not invent or add it to period totals.
D061,"Accrue unpaid interest EUR 2,000 from EUR 12,000 expense less EUR 10,000 paid.",direct,
D062,"Use calculated closing payroll payable EUR 32,000 = 15,000 opening + 248,000 expense - 231,000 cash paid.",direct,
D063,"Use supplier payables EUR 126,000.",direct,
D064,"Recognize NorthStar delivered revenue EUR 180,000.",direct,
D065,"Recognize Freedom delivered revenue EUR 200,000.",direct,
D066,"Recognize Phoenix completed-event revenue EUR 100,000.",direct,
D067,"Recognize Liberty delivered revenue EUR 120,000.",direct,
D068,"Exclude undelivered September events EUR 90,000 from revenue and record liability.",direct,
D069,"Classify EUR 19,000 principal payment as financing, reducing loan principal.",direct,
D070,"Classify EUR 80,000 equipment purchase as investing cash outflow and PPE additions.",direct,
D071,"Recognise €18,000 R-17 impairment against the €186,000 gross receivables. WEB-NCB’s €53,000 open balance points to R-17; verify the exact €18,000 subledger match.",direct,
D072,"Use EUR 22,000 damaged-inventory write-down based on independent assessment that stock is unsaleable.",direct,
D073,"Use EUR 25,000 legal provision based on external counsel’s probable claim assessment.",direct,
D074,"Use EUR 24,000 period depreciation estimate; useful-life schedule remains missing.",direct,
D075,"Present closing saleable inventory EUR 121,000 = count EUR 143,000 less EUR 22,000 write-down; disclose EUR 9,000 gap.",direct,
D076,"Present €186,000 gross and €168,000 net receivables after €18,000 R-17 impairment. CRM links R-17 to WEB-NCB’s €53,000 open balance; confirm the subledger match.",direct,
D077,"Use EUR 10,000 repair expense, not improvement/capitalization.",direct,
D078,"No separately supported insurance estimate is supplied in the project data. Do not add an invented expense; obtain the policy, payment and period-of-cover evidence.",resolved_with_evidence_gap,Decision treatment resolved; separate amount not evidenced. Do not invent or add it to period totals.
D079,"Use accrued interest EUR 2,000.",direct,
D080,"Use calculated accrued payroll EUR 32,000; closing ledger not independently stated.",direct,
D081,"Use customer deposit liability EUR 90,000.",direct,
D082,"Use closing PPE gross EUR 260,000 and net PPE EUR 191,000.",direct,
D083,"Use accumulated depreciation EUR 69,000 = opening EUR 45,000 + current EUR 24,000.",direct,
D084,"Use supplier payable EUR 126,000.",direct,
D085,"Use closing loan principal EUR 131,000 = 100,000 + 50,000 - 19,000.",direct,
D086,"Selected count basis: materials consumed €396,000 (= €80,000 + €459,000 − €143,000). Workbook €405,000 is an alternative with €9,000 lower stock and profit.",direct,
D087,"Use direct event-delivery payroll EUR 80,000.",direct,
D088,"Use owner-related payments EUR 110,000 as provisional distribution/personal withdrawal or related-party balance.",direct,
D089,"Selected count-basis PBT €74,000 excludes the unsupported €2,000 disposal provision. If a present obligation is evidenced, PBT is €72,000. Consumption-basis PBT is €65,000 without that provision (€63,000 with it).",direct,
D090,"Use closing cash EUR 60,000.",direct,
D091,Student must approve/certify corrected accounts before valuation; draft recommendation is to approve only with stated caveats.,direct,
D092,Freeze owner-card access as a control recommendation; no direct workbook decision ID.,derived,
D093,"Move EUR 90,000 September deposits to contract liabilities.",direct,
D094,Begin weekly 13-week cash forecast as a board recommendation; no direct workbook decision ID.,derived,
D095,Stop credit sales to insolvent/high-risk customers as a control recommendation; R-17 supports risk response.,derived,
D096,"Arrange disposal of damaged stock. Do not recognise the quoted €2,000 cost at 31 August unless an existing legal or constructive obligation is evidenced; recognise the cost when incurred otherwise.",direct,
D097,Investigate management override/duplicate sources; reject unsupported management profit and cash figures.,derived,
D098,"Renegotiate supplier terms as a board recommendation in light of EUR 126,000 unpaid balances.",derived,
D099,Continue core Finally Single and event operations based on delivered sales evidence; subject to student/board approval.,derived,
D100,"Reject management’s unsupported €312,000 profit as an earn-out basis. Selected count-basis PBT is €74,000; the €405,000 consumption alternative gives €65,000. If a present €2,000 disposal obligation is proven, those figures become €72,000 and €63,000.",derived,Template material judgment; supporting workbook treatment appears under operational O-072.
